universe,eff,momentum,rank_scope,mean_jaccard,mean_recall,mean_precision,exact_sets,basegood_med,gate_med
noprice,res60,mom,universe,0.18285029997673674,0.2925925925925926,0.291358024691358,0,3784.0,2081.0
noprice,res60,resmom1,universe,0.18285029997673674,0.2925925925925926,0.291358024691358,0,3784.0,2081.0
base,res60,mom,universe,0.18132027992819816,0.28994708994708995,0.2888888888888889,0,3745.0,2060.0
base,res60,resmom1,universe,0.18132027992819816,0.28994708994708995,0.2888888888888889,0,3745.0,2060.0
h252,res60,mom,universe,0.18132027992819816,0.28994708994708995,0.2888888888888889,0,3496.0,1923.0
h252,res60,resmom1,universe,0.18132027992819816,0.28994708994708995,0.2888888888888889,0,3496.0,1923.0
base,er20,mom,universe,0.17920751871693066,0.2927689594356261,0.291358024691358,0,3746.0,2060.0
base,er20,resmom1,universe,0.17920751871693066,0.2927689594356261,0.291358024691358,0,3746.0,2060.0
base,res60,mom,gate,0.1786747772826955,0.28747795414462085,0.2864197530864198,0,3745.0,2060.0
base,res60,resmom1,gate,0.1786747772826955,0.28747795414462085,0.2864197530864198,0,3745.0,2060.0
noprice,res60,mom,gate,0.1786747772826955,0.28747795414462085,0.2864197530864198,0,3784.0,2081.0
noprice,res60,resmom1,gate,0.1786747772826955,0.28747795414462085,0.2864197530864198,0,3784.0,2081.0
h252,res60,mom,gate,0.17720505359074962,0.2850088183421517,0.28395061728395066,0,3496.0,1923.0
h252,res60,resmom1,gate,0.17720505359074962,0.2850088183421517,0.28395061728395066,0,3496.0,1923.0
base,er20,resmom252,universe,0.1770694459588901,0.2874779541446208,0.28641975308641976,0,3749.0,2062.0
h252,er20,resmom252,universe,0.1770694459588901,0.2874779541446208,0.28641975308641976,0,3501.0,1926.0
noprice,er20,resmom252,universe,0.1770694459588901,0.2874779541446208,0.28641975308641976,0,3788.0,2083.0
noprice,er20,mom,universe,0.1770116469558415,0.29029982363315693,0.28888888888888886,0,3785.0,2082.0
noprice,er20,resmom1,universe,0.1770116469558415,0.29029982363315693,0.28888888888888886,0,3785.0,2082.0
base,res60,resmom252,gate,0.17536004745455572,0.27989417989417986,0.27901234567901234,0,3748.0,2061.0
base,res60,resmom252,universe,0.17536004745455572,0.27989417989417986,0.27901234567901234,0,3748.0,2061.0
noprice,res60,resmom252,gate,0.17536004745455572,0.27989417989417986,0.27901234567901234,0,3787.0,2083.0
noprice,res60,resmom252,universe,0.17536004745455572,0.27989417989417986,0.27901234567901234,0,3787.0,2083.0
h252,er20,mom,universe,0.17521973695137114,0.2878306878306878,0.28641975308641976,0,3497.0,1923.0
h252,er20,resmom1,universe,0.17521973695137114,0.2878306878306878,0.28641975308641976,0,3497.0,1923.0
h252,res60,resmom252,gate,0.17497791929464981,0.2798941798941799,0.2790123456790124,0,3500.0,1925.0
base,er20,mom,gate,0.173839720659644,0.2851851851851852,0.28395061728395066,0,3746.0,2060.0
base,er20,resmom1,gate,0.173839720659644,0.2851851851851852,0.28395061728395066,0,3746.0,2060.0
h252,res60,resmom252,universe,0.17350819560270386,0.27742504409171076,0.27654320987654324,0,3500.0,1925.0
h252,er20,mom,gate,0.17225694129908686,0.28271604938271605,0.2814814814814815,0,3497.0,1923.0
h252,er20,resmom1,gate,0.17225694129908686,0.28271604938271605,0.2814814814814815,0,3497.0,1923.0
noprice,er20,mom,gate,0.17225694129908686,0.28271604938271605,0.2814814814814815,0,3785.0,2082.0
noprice,er20,resmom1,gate,0.17225694129908686,0.28271604938271605,0.2814814814814815,0,3785.0,2082.0
base,er20,resmom252,gate,0.16869568773783333,0.2777777777777778,0.27654320987654324,0,3749.0,2062.0
h252,er20,resmom252,gate,0.16869568773783333,0.2777777777777778,0.27654320987654324,0,3501.0,1926.0
noprice,er20,resmom252,gate,0.16869568773783333,0.2777777777777778,0.27654320987654324,0,3788.0,2083.0
base,res6_1,resmom252,universe,0.16069258468614347,0.2656084656084656,0.26419753086419756,0,3748.0,2061.0
noprice,res6_1,resmom252,universe,0.16069258468614347,0.2656084656084656,0.26419753086419756,0,3787.0,2083.0
h252,res6_1,resmom252,gate,0.15932422124881448,0.26313932980599647,0.2617283950617284,0,3500.0,1925.0
h252,res6_1,resmom252,universe,0.15932422124881448,0.26313932980599647,0.2617283950617284,0,3500.0,1925.0
base,res6_1,mom,gate,0.15811521078054477,0.26331569664903,0.2617283950617284,0,3745.0,2060.0
base,res6_1,resmom1,gate,0.15811521078054477,0.26331569664903,0.2617283950617284,0,3745.0,2060.0
h252,res6_1,mom,gate,0.15811521078054477,0.26331569664903,0.2617283950617284,0,3496.0,1923.0
h252,res6_1,mom,universe,0.15811521078054477,0.26331569664903,0.2617283950617284,0,3496.0,1923.0
h252,res6_1,resmom1,gate,0.15811521078054477,0.26331569664903,0.2617283950617284,0,3496.0,1923.0
h252,res6_1,resmom1,universe,0.15811521078054477,0.26331569664903,0.2617283950617284,0,3496.0,1923.0
noprice,res6_1,mom,gate,0.15811521078054477,0.26331569664903,0.2617283950617284,0,3784.0,2081.0
noprice,res6_1,resmom1,gate,0.15811521078054477,0.26331569664903,0.2617283950617284,0,3784.0,2081.0
base,res6_1,resmom252,gate,0.15712834948772533,0.26067019400352737,0.2592592592592593,0,3748.0,2061.0
noprice,res6_1,resmom252,gate,0.15712834948772533,0.26067019400352737,0.2592592592592593,0,3787.0,2083.0
base,res6_1,mom,universe,0.15664548708859888,0.2608465608465608,0.25925925925925924,0,3745.0,2060.0
base,res6_1,resmom1,universe,0.15664548708859888,0.2608465608465608,0.25925925925925924,0,3745.0,2060.0
noprice,res6_1,mom,universe,0.15664548708859888,0.2608465608465608,0.25925925925925924,0,3784.0,2081.0
noprice,res6_1,resmom1,universe,0.15664548708859888,0.2608465608465608,0.25925925925925924,0,3784.0,2081.0
noprice,er60,mom,universe,0.15540027281656468,0.2529100529100529,0.2518518518518519,0,3785.0,2082.0
noprice,er60,resmom1,universe,0.15540027281656468,0.2529100529100529,0.2518518518518519,0,3785.0,2082.0
noprice,er60,mom,gate,0.15395326195759312,0.25044091710758376,0.24938271604938272,0,3785.0,2082.0
noprice,er60,resmom1,gate,0.15395326195759312,0.25044091710758376,0.24938271604938272,0,3785.0,2082.0
base,er60,mom,gate,0.1537922313617799,0.25044091710758376,0.24938271604938272,0,3746.0,2060.0
base,er60,resmom1,gate,0.1537922313617799,0.25044091710758376,0.24938271604938272,0,3746.0,2060.0
base,er60,mom,universe,0.15354842096471283,0.2504409171075838,0.24938271604938275,0,3746.0,2060.0
base,er60,resmom1,universe,0.15354842096471283,0.2504409171075838,0.24938271604938275,0,3746.0,2060.0
h252,er60,mom,gate,0.1519403795099281,0.24797178130511466,0.2469135802469136,0,3497.0,1923.0
h252,er60,resmom1,gate,0.1519403795099281,0.24797178130511466,0.2469135802469136,0,3497.0,1923.0
h252,er60,mom,universe,0.1518390192553111,0.24797178130511466,0.2469135802469136,0,3497.0,1923.0
h252,er60,resmom1,universe,0.1518390192553111,0.24797178130511466,0.2469135802469136,0,3497.0,1923.0
noprice,er60,resmom252,gate,0.1494414425907013,0.245326278659612,0.24444444444444444,0,3788.0,2083.0
base,er60,resmom252,universe,0.14890158721159885,0.245326278659612,0.24444444444444444,0,3749.0,2062.0
noprice,er60,resmom252,universe,0.14874055661578567,0.245326278659612,0.24444444444444444,0,3788.0,2083.0
base,er60,resmom252,gate,0.14758959073884945,0.24285714285714288,0.2419753086419753,0,3749.0,2062.0
h252,er60,resmom252,gate,0.14758959073884945,0.24285714285714288,0.2419753086419753,0,3501.0,1926.0
h252,er60,resmom252,universe,0.14572246181025125,0.24038800705467372,0.23950617283950618,0,3501.0,1926.0
noprice,er90,mom,gate,0.12073799169695666,0.19823633156966486,0.19753086419753083,0,3784.0,2081.0
noprice,er90,resmom1,gate,0.12073799169695666,0.19823633156966486,0.19753086419753083,0,3784.0,2081.0
base,er90,mom,gate,0.11915521233639952,0.19576719576719573,0.1950617283950617,0,3745.0,2060.0
base,er90,resmom1,gate,0.11915521233639952,0.19576719576719573,0.1950617283950617,0,3745.0,2060.0
base,res60,resmom,gate,0.11751332269961844,0.19805996472663145,0.19753086419753088,0,3750.0,2062.0
h252,er90,mom,gate,0.11714232988873446,0.1932980599647266,0.19259259259259257,0,3496.0,1923.0
h252,er90,resmom1,gate,0.11714232988873446,0.1932980599647266,0.19259259259259257,0,3496.0,1923.0
base,er90,mom,universe,0.11637761777136536,0.19576719576719576,0.19506172839506172,0,3745.0,2060.0
base,er90,resmom1,universe,0.11637761777136536,0.19576719576719576,0.19506172839506172,0,3745.0,2060.0
base,er90,resmom252,gate,0.11621576495250768,0.19082892416225747,0.19012345679012344,0,3748.0,2061.0
noprice,er90,resmom252,gate,0.11621576495250768,0.19082892416225747,0.19012345679012344,0,3787.0,2083.0
base,res60,resmom,universe,0.1159305433390613,0.1955908289241623,0.19506172839506175,0,3750.0,2062.0
h252,res60,resmom,gate,0.1159305433390613,0.1955908289241623,0.19506172839506175,0,3500.0,1925.0
h252,res60,resmom,universe,0.1159305433390613,0.1955908289241623,0.19506172839506175,0,3500.0,1925.0
noprice,res60,resmom,gate,0.1159305433390613,0.1955908289241623,0.19506172839506175,0,3789.0,2084.0
noprice,res60,resmom,universe,0.1159305433390613,0.1955908289241623,0.19506172839506175,0,3789.0,2084.0
noprice,er90,mom,universe,0.1158911477196779,0.19576719576719578,0.19506172839506175,0,3784.0,2081.0
noprice,er90,resmom1,universe,0.1158911477196779,0.19576719576719578,0.19506172839506175,0,3784.0,2081.0
h252,er90,resmom252,gate,0.11420288250484265,0.18835978835978834,0.1876543209876543,0,3499.0,1924.0
base,er20,resmom,gate,0.11397942212812556,0.19576719576719584,0.19506172839506178,0,3751.0,2063.0
h252,er20,resmom,gate,0.11397942212812556,0.19576719576719584,0.19506172839506178,0,3501.0,1926.0
noprice,er20,resmom,gate,0.11397942212812556,0.19576719576719584,0.19506172839506178,0,3790.0,2084.0
h252,er90,mom,universe,0.11161787242358069,0.18835978835978834,0.1876543209876543,0,3496.0,1923.0
h252,er90,resmom1,universe,0.11161787242358069,0.18835978835978834,0.1876543209876543,0,3496.0,1923.0
base,er90,resmom252,universe,0.11124229862638436,0.1883597883597884,0.18765432098765433,0,3748.0,2061.0
noprice,er90,resmom252,universe,0.11124229862638436,0.1883597883597884,0.18765432098765433,0,3787.0,2083.0
base,er20,resmom,universe,0.11081950319553743,0.191005291005291,0.19012345679012346,0,3751.0,2063.0
h252,er20,resmom,universe,0.11081950319553743,0.191005291005291,0.19012345679012346,0,3501.0,1926.0
noprice,er20,resmom,universe,0.11081950319553743,0.191005291005291,0.19012345679012346,0,3790.0,2084.0
noprice,er60,resmom,gate,0.1097114361690407,0.18606701940035272,0.18518518518518517,0,3790.0,2084.0
base,res6_1,resmom,universe,0.10900886892057973,0.18835978835978842,0.1876543209876544,0,3750.0,2062.0
base,er60,resmom,gate,0.10800203445963899,0.1835978835978836,0.18271604938271604,0,3751.0,2063.0
h252,er90,resmom252,universe,0.10795227697054563,0.1834215167548501,0.18271604938271604,0,3499.0,1924.0
base,res6_1,resmom,gate,0.10773172971240605,0.1858906525573193,0.18518518518518526,0,3750.0,2062.0
noprice,res6_1,resmom,gate,0.10773172971240605,0.1858906525573193,0.18518518518518526,0,3789.0,2084.0
noprice,res6_1,resmom,universe,0.10773172971240605,0.1858906525573193,0.18518518518518526,0,3789.0,2084.0
h252,er60,resmom,gate,0.10641925509908184,0.18112874779541446,0.18024691358024694,0,3501.0,1926.0
h252,res6_1,resmom,gate,0.104679226659903,0.180952380952381,0.18024691358024697,0,3500.0,1925.0
h252,res6_1,resmom,universe,0.104679226659903,0.180952380952381,0.18024691358024697,0,3500.0,1925.0
base,er60,resmom,universe,0.10023009659191567,0.17107583774250443,0.1703703703703704,0,3751.0,2063.0
noprice,er60,resmom,universe,0.10023009659191567,0.17107583774250443,0.1703703703703704,0,3790.0,2084.0
noprice,r2_90,resmom252,gate,0.09968457502357218,0.16878306878306878,0.16790123456790124,0,3788.0,2083.0
noprice,r2_90,mom,gate,0.0990696960753599,0.16895943562610227,0.16790123456790124,0,3785.0,2082.0
noprice,r2_90,resmom1,gate,0.0990696960753599,0.16895943562610227,0.16790123456790124,0,3785.0,2082.0
base,r2_90,resmom252,gate,0.0984074358153985,0.16631393298059965,0.1654320987654321,0,3749.0,2062.0
h252,er60,resmom,universe,0.09821721414425062,0.1686067019400353,0.16790123456790126,0,3501.0,1926.0
base,r2_90,mom,gate,0.09779255686718621,0.16649029982363317,0.1654320987654321,0,3746.0,2060.0
base,r2_90,resmom1,gate,0.09779255686718621,0.16649029982363317,0.1654320987654321,0,3746.0,2060.0
h252,r2_90,resmom252,gate,0.09693771212345259,0.16384479717813052,0.16296296296296298,0,3501.0,1926.0
h252,r2_90,mom,gate,0.0963228331752403,0.16402116402116404,0.16296296296296298,0,3497.0,1923.0
h252,r2_90,resmom1,gate,0.0963228331752403,0.16402116402116404,0.16296296296296298,0,3497.0,1923.0
noprice,r2_90,mom,universe,0.09486928493425245,0.16384479717813052,0.16296296296296298,0,3785.0,2082.0
noprice,r2_90,resmom1,universe,0.09486928493425245,0.16384479717813052,0.16296296296296298,0,3785.0,2082.0
noprice,r2_90,resmom252,universe,0.09321686328183079,0.16119929453262785,0.16049382716049382,0,3788.0,2083.0
base,r2_90,mom,universe,0.09222378228874979,0.15890652557319224,0.1580246913580247,0,3746.0,2060.0
base,r2_90,resmom1,universe,0.09222378228874979,0.15890652557319224,0.1580246913580247,0,3746.0,2060.0
h252,r2_90,mom,universe,0.09222378228874979,0.15890652557319224,0.1580246913580247,0,3497.0,1923.0
h252,r2_90,resmom1,universe,0.09222378228874979,0.15890652557319224,0.1580246913580247,0,3497.0,1923.0
base,r2_90,resmom252,universe,0.09204108432827406,0.15873015873015872,0.1580246913580247,0,3749.0,2062.0
h252,er90,resmom,gate,0.09118248726222518,0.15873015873015872,0.1580246913580247,0,3500.0,1925.0
h252,r2_90,resmom252,universe,0.09057136063632815,0.15626102292768956,0.15555555555555553,0,3501.0,1926.0
base,er90,resmom,gate,0.08990534805405147,0.1562610229276896,0.15555555555555556,0,3750.0,2062.0
noprice,er90,resmom,gate,0.08990534805405147,0.1562610229276896,0.15555555555555556,0,3789.0,2084.0
base,er90,resmom,universe,0.08812998420972212,0.15379188712522043,0.1530864197530864,0,3750.0,2062.0
h252,er90,resmom,universe,0.08812998420972212,0.15379188712522043,0.1530864197530864,0,3500.0,1925.0
noprice,er90,resmom,universe,0.08812998420972212,0.15379188712522043,0.1530864197530864,0,3789.0,2084.0
noprice,r2_90,resmom,gate,0.08223715890438085,0.1437389770723104,0.14320987654320988,0,3790.0,2084.0
noprice,r2_90,resmom,universe,0.08052775719497912,0.14126984126984127,0.14074074074074075,0,3790.0,2084.0
base,r2_90,resmom,gate,0.0795916562588782,0.13880070546737214,0.13827160493827162,0,3751.0,2063.0
h252,r2_90,resmom,gate,0.07822329282154925,0.136331569664903,0.1358024691358025,0,3501.0,1926.0
base,r2_90,resmom,universe,0.07788225454947649,0.136331569664903,0.1358024691358025,0,3751.0,2063.0
h252,r2_90,resmom,universe,0.07651389111214754,0.13386243386243388,0.13333333333333333,0,3501.0,1926.0
base,er6_1,resmom252,gate,0.06616575824077338,0.108641975308642,0.108641975308642,0,3712.0,2042.0
noprice,er6_1,resmom252,gate,0.06616575824077338,0.108641975308642,0.108641975308642,0,3750.0,2062.0
h252,er6_1,resmom252,gate,0.06458297888021623,0.10617283950617286,0.10617283950617286,0,3463.0,1905.0
noprice,er126,resmom252,gate,0.06424207513662786,0.11111111111111113,0.11111111111111113,0,3750.0,2062.0
noprice,er126,mom,gate,0.0639010368645551,0.11111111111111113,0.11111111111111113,0,3750.0,2062.0
noprice,er126,resmom1,gate,0.0639010368645551,0.11111111111111113,0.11111111111111113,0,3750.0,2062.0
base,er126,resmom252,gate,0.06277235144468195,0.108641975308642,0.108641975308642,0,3712.0,2042.0
h252,er126,resmom252,gate,0.06277235144468195,0.108641975308642,0.108641975308642,0,3463.0,1905.0
base,er126,mom,gate,0.062431313172609186,0.10864197530864199,0.10864197530864199,0,3712.0,2042.0
base,er126,resmom1,gate,0.062431313172609186,0.10864197530864199,0.10864197530864199,0,3712.0,2042.0
h252,er126,mom,gate,0.062431313172609186,0.10864197530864199,0.10864197530864199,0,3463.0,1905.0
h252,er126,resmom1,gate,0.062431313172609186,0.10864197530864199,0.10864197530864199,0,3463.0,1905.0
base,er6_1,mom,gate,0.062066002679029494,0.10617283950617287,0.10617283950617287,0,3712.0,2042.0
base,er6_1,resmom1,gate,0.062066002679029494,0.10617283950617287,0.10617283950617287,0,3712.0,2042.0
noprice,er6_1,mom,gate,0.060596278987083585,0.10370370370370371,0.10370370370370371,0,3750.0,2062.0
noprice,er6_1,resmom1,gate,0.060596278987083585,0.10370370370370371,0.10370370370370371,0,3750.0,2062.0
h252,er6_1,mom,gate,0.06048322331847236,0.10370370370370373,0.10370370370370373,0,3463.0,1905.0
h252,er6_1,resmom1,gate,0.06048322331847236,0.10370370370370373,0.10370370370370373,0,3463.0,1905.0
h252,er6_1,resmom252,universe,0.06029063883470014,0.10123456790123458,0.10123456790123458,0,3463.0,1905.0
h252,er126,mom,universe,0.0594801703747231,0.10370370370370371,0.10370370370370371,0,3463.0,1905.0
h252,er126,resmom1,universe,0.0594801703747231,0.10370370370370371,0.10370370370370371,0,3463.0,1905.0
noprice,er126,mom,universe,0.0594801703747231,0.10370370370370371,0.10370370370370371,0,3750.0,2062.0
noprice,er126,resmom252,universe,0.0594801703747231,0.10370370370370371,0.10370370370370371,0,3750.0,2062.0
noprice,er126,resmom1,universe,0.0594801703747231,0.10370370370370371,0.10370370370370371,0,3750.0,2062.0
base,er126,mom,universe,0.058111806937394136,0.10123456790123457,0.10123456790123457,0,3712.0,2042.0
base,er126,resmom252,universe,0.058111806937394136,0.10123456790123457,0.10123456790123457,0,3712.0,2042.0
base,er126,resmom1,universe,0.058111806937394136,0.10123456790123457,0.10123456790123457,0,3712.0,2042.0
h252,er126,resmom252,universe,0.058111806937394136,0.10123456790123457,0.10123456790123457,0,3463.0,1905.0
base,er6_1,mom,universe,0.057645136189197484,0.09876543209876545,0.09876543209876545,0,3712.0,2042.0
base,er6_1,resmom252,universe,0.057645136189197484,0.09876543209876545,0.09876543209876545,0,3712.0,2042.0
base,er6_1,resmom1,universe,0.057645136189197484,0.09876543209876545,0.09876543209876545,0,3712.0,2042.0
h252,er6_1,mom,universe,0.057645136189197484,0.09876543209876545,0.09876543209876545,0,3463.0,1905.0
h252,er6_1,resmom1,universe,0.057645136189197484,0.09876543209876545,0.09876543209876545,0,3463.0,1905.0
noprice,er6_1,mom,universe,0.057645136189197484,0.09876543209876545,0.09876543209876545,0,3750.0,2062.0
noprice,er6_1,resmom252,universe,0.057645136189197484,0.09876543209876545,0.09876543209876545,0,3750.0,2062.0
noprice,er6_1,resmom1,universe,0.057645136189197484,0.09876543209876545,0.09876543209876545,0,3750.0,2062.0
base,er6_1,resmom,gate,0.052402046654920216,0.09135802469135805,0.09135802469135805,0,3712.0,2042.0
base,er6_1,resmom,universe,0.052402046654920216,0.09135802469135805,0.09135802469135805,0,3712.0,2042.0
h252,er6_1,resmom,gate,0.052402046654920216,0.09135802469135805,0.09135802469135805,0,3463.0,1905.0
h252,er6_1,resmom,universe,0.052402046654920216,0.09135802469135805,0.09135802469135805,0,3463.0,1905.0
noprice,er6_1,resmom,gate,0.052402046654920216,0.09135802469135805,0.09135802469135805,0,3750.0,2062.0
noprice,er6_1,resmom,universe,0.052402046654920216,0.09135802469135805,0.09135802469135805,0,3750.0,2062.0
noprice,er126,resmom,gate,0.04662524930724165,0.08395061728395063,0.08395061728395063,0,3750.0,2062.0
noprice,er126,resmom,universe,0.04662524930724165,0.08395061728395063,0.08395061728395063,0,3750.0,2062.0
base,er126,resmom,gate,0.045256885869912694,0.08148148148148149,0.08148148148148149,0,3712.0,2042.0
base,er126,resmom,universe,0.045256885869912694,0.08148148148148149,0.08148148148148149,0,3712.0,2042.0
h252,er126,resmom,gate,0.045256885869912694,0.08148148148148149,0.08148148148148149,0,3463.0,1905.0
h252,er126,resmom,universe,0.045256885869912694,0.08148148148148149,0.08148148148148149,0,3463.0,1905.0
liq10,er20,mom,gate,0.0,0.0,0.0,0,0.0,0.0
liq10,er20,mom,universe,0.0,0.0,0.0,0,0.0,0.0
liq10,er20,resmom,gate,0.0,0.0,0.0,0,0.0,0.0
liq10,er20,resmom,universe,0.0,0.0,0.0,0,0.0,0.0
liq10,er20,resmom252,gate,0.0,0.0,0.0,0,0.0,0.0
liq10,er20,resmom252,universe,0.0,0.0,0.0,0,0.0,0.0
liq10,er20,resmom1,gate,0.0,0.0,0.0,0,0.0,0.0
liq10,er20,resmom1,universe,0.0,0.0,0.0,0,0.0,0.0
liq10,er60,mom,gate,0.0,0.0,0.0,0,0.0,0.0
liq10,er60,mom,universe,0.0,0.0,0.0,0,0.0,0.0
liq10,er60,resmom,gate,0.0,0.0,0.0,0,0.0,0.0
liq10,er60,resmom,universe,0.0,0.0,0.0,0,0.0,0.0
liq10,er60,resmom252,gate,0.0,0.0,0.0,0,0.0,0.0
liq10,er60,resmom252,universe,0.0,0.0,0.0,0,0.0,0.0
liq10,er60,resmom1,gate,0.0,0.0,0.0,0,0.0,0.0
liq10,er60,resmom1,universe,0.0,0.0,0.0,0,0.0,0.0
liq10,er90,mom,gate,0.0,0.0,0.0,0,0.0,0.0
liq10,er90,mom,universe,0.0,0.0,0.0,0,0.0,0.0
liq10,er90,resmom,gate,0.0,0.0,0.0,0,0.0,0.0
liq10,er90,resmom,universe,0.0,0.0,0.0,0,0.0,0.0
liq10,er90,resmom252,gate,0.0,0.0,0.0,0,0.0,0.0
liq10,er90,resmom252,universe,0.0,0.0,0.0,0,0.0,0.0
liq10,er90,resmom1,gate,0.0,0.0,0.0,0,0.0,0.0
liq10,er90,resmom1,universe,0.0,0.0,0.0,0,0.0,0.0
liq10,er126,mom,gate,0.0,0.0,0.0,0,0.0,0.0
liq10,er126,mom,universe,0.0,0.0,0.0,0,0.0,0.0
liq10,er126,resmom,gate,0.0,0.0,0.0,0,0.0,0.0
liq10,er126,resmom,universe,0.0,0.0,0.0,0,0.0,0.0
liq10,er126,resmom252,gate,0.0,0.0,0.0,0,0.0,0.0
liq10,er126,resmom252,universe,0.0,0.0,0.0,0,0.0,0.0
liq10,er126,resmom1,gate,0.0,0.0,0.0,0,0.0,0.0
liq10,er126,resmom1,universe,0.0,0.0,0.0,0,0.0,0.0
liq10,er6_1,mom,gate,0.0,0.0,0.0,0,0.0,0.0
liq10,er6_1,mom,universe,0.0,0.0,0.0,0,0.0,0.0
liq10,er6_1,resmom,gate,0.0,0.0,0.0,0,0.0,0.0
liq10,er6_1,resmom,universe,0.0,0.0,0.0,0,0.0,0.0
liq10,er6_1,resmom252,gate,0.0,0.0,0.0,0,0.0,0.0
liq10,er6_1,resmom252,universe,0.0,0.0,0.0,0,0.0,0.0
liq10,er6_1,resmom1,gate,0.0,0.0,0.0,0,0.0,0.0
liq10,er6_1,resmom1,universe,0.0,0.0,0.0,0,0.0,0.0
liq10,res60,mom,gate,0.0,0.0,0.0,0,0.0,0.0
liq10,res60,mom,universe,0.0,0.0,0.0,0,0.0,0.0
liq10,res60,resmom,gate,0.0,0.0,0.0,0,0.0,0.0
liq10,res60,resmom,universe,0.0,0.0,0.0,0,0.0,0.0
liq10,res60,resmom252,gate,0.0,0.0,0.0,0,0.0,0.0
liq10,res60,resmom252,universe,0.0,0.0,0.0,0,0.0,0.0
liq10,res60,resmom1,gate,0.0,0.0,0.0,0,0.0,0.0
liq10,res60,resmom1,universe,0.0,0.0,0.0,0,0.0,0.0
liq10,res6_1,mom,gate,0.0,0.0,0.0,0,0.0,0.0
liq10,res6_1,mom,universe,0.0,0.0,0.0,0,0.0,0.0
liq10,res6_1,resmom,gate,0.0,0.0,0.0,0,0.0,0.0
liq10,res6_1,resmom,universe,0.0,0.0,0.0,0,0.0,0.0
liq10,res6_1,resmom252,gate,0.0,0.0,0.0,0,0.0,0.0
liq10,res6_1,resmom252,universe,0.0,0.0,0.0,0,0.0,0.0
liq10,res6_1,resmom1,gate,0.0,0.0,0.0,0,0.0,0.0
liq10,res6_1,resmom1,universe,0.0,0.0,0.0,0,0.0,0.0
liq10,r2_90,mom,gate,0.0,0.0,0.0,0,0.0,0.0
liq10,r2_90,mom,universe,0.0,0.0,0.0,0,0.0,0.0
liq10,r2_90,resmom,gate,0.0,0.0,0.0,0,0.0,0.0
liq10,r2_90,resmom,universe,0.0,0.0,0.0,0,0.0,0.0
liq10,r2_90,resmom252,gate,0.0,0.0,0.0,0,0.0,0.0
liq10,r2_90,resmom252,universe,0.0,0.0,0.0,0,0.0,0.0
liq10,r2_90,resmom1,gate,0.0,0.0,0.0,0,0.0,0.0
liq10,r2_90,resmom1,universe,0.0,0.0,0.0,0,0.0,0.0
liq20,er20,mom,gate,0.0,0.0,0.0,0,0.0,0.0
liq20,er20,mom,universe,0.0,0.0,0.0,0,0.0,0.0
liq20,er20,resmom,gate,0.0,0.0,0.0,0,0.0,0.0
liq20,er20,resmom,universe,0.0,0.0,0.0,0,0.0,0.0
liq20,er20,resmom252,gate,0.0,0.0,0.0,0,0.0,0.0
liq20,er20,resmom252,universe,0.0,0.0,0.0,0,0.0,0.0
liq20,er20,resmom1,gate,0.0,0.0,0.0,0,0.0,0.0
liq20,er20,resmom1,universe,0.0,0.0,0.0,0,0.0,0.0
liq20,er60,mom,gate,0.0,0.0,0.0,0,0.0,0.0
liq20,er60,mom,universe,0.0,0.0,0.0,0,0.0,0.0
liq20,er60,resmom,gate,0.0,0.0,0.0,0,0.0,0.0
liq20,er60,resmom,universe,0.0,0.0,0.0,0,0.0,0.0
liq20,er60,resmom252,gate,0.0,0.0,0.0,0,0.0,0.0
liq20,er60,resmom252,universe,0.0,0.0,0.0,0,0.0,0.0
liq20,er60,resmom1,gate,0.0,0.0,0.0,0,0.0,0.0
liq20,er60,resmom1,universe,0.0,0.0,0.0,0,0.0,0.0
liq20,er90,mom,gate,0.0,0.0,0.0,0,0.0,0.0
liq20,er90,mom,universe,0.0,0.0,0.0,0,0.0,0.0
liq20,er90,resmom,gate,0.0,0.0,0.0,0,0.0,0.0
liq20,er90,resmom,universe,0.0,0.0,0.0,0,0.0,0.0
liq20,er90,resmom252,gate,0.0,0.0,0.0,0,0.0,0.0
liq20,er90,resmom252,universe,0.0,0.0,0.0,0,0.0,0.0
liq20,er90,resmom1,gate,0.0,0.0,0.0,0,0.0,0.0
liq20,er90,resmom1,universe,0.0,0.0,0.0,0,0.0,0.0
liq20,er126,mom,gate,0.0,0.0,0.0,0,0.0,0.0
liq20,er126,mom,universe,0.0,0.0,0.0,0,0.0,0.0
liq20,er126,resmom,gate,0.0,0.0,0.0,0,0.0,0.0
liq20,er126,resmom,universe,0.0,0.0,0.0,0,0.0,0.0
liq20,er126,resmom252,gate,0.0,0.0,0.0,0,0.0,0.0
liq20,er126,resmom252,universe,0.0,0.0,0.0,0,0.0,0.0
liq20,er126,resmom1,gate,0.0,0.0,0.0,0,0.0,0.0
liq20,er126,resmom1,universe,0.0,0.0,0.0,0,0.0,0.0
liq20,er6_1,mom,gate,0.0,0.0,0.0,0,0.0,0.0
liq20,er6_1,mom,universe,0.0,0.0,0.0,0,0.0,0.0
liq20,er6_1,resmom,gate,0.0,0.0,0.0,0,0.0,0.0
liq20,er6_1,resmom,universe,0.0,0.0,0.0,0,0.0,0.0
liq20,er6_1,resmom252,gate,0.0,0.0,0.0,0,0.0,0.0
liq20,er6_1,resmom252,universe,0.0,0.0,0.0,0,0.0,0.0
liq20,er6_1,resmom1,gate,0.0,0.0,0.0,0,0.0,0.0
liq20,er6_1,resmom1,universe,0.0,0.0,0.0,0,0.0,0.0
liq20,res60,mom,gate,0.0,0.0,0.0,0,0.0,0.0
liq20,res60,mom,universe,0.0,0.0,0.0,0,0.0,0.0
liq20,res60,resmom,gate,0.0,0.0,0.0,0,0.0,0.0
liq20,res60,resmom,universe,0.0,0.0,0.0,0,0.0,0.0
liq20,res60,resmom252,gate,0.0,0.0,0.0,0,0.0,0.0
liq20,res60,resmom252,universe,0.0,0.0,0.0,0,0.0,0.0
liq20,res60,resmom1,gate,0.0,0.0,0.0,0,0.0,0.0
liq20,res60,resmom1,universe,0.0,0.0,0.0,0,0.0,0.0
liq20,res6_1,mom,gate,0.0,0.0,0.0,0,0.0,0.0
liq20,res6_1,mom,universe,0.0,0.0,0.0,0,0.0,0.0
liq20,res6_1,resmom,gate,0.0,0.0,0.0,0,0.0,0.0
liq20,res6_1,resmom,universe,0.0,0.0,0.0,0,0.0,0.0
liq20,res6_1,resmom252,gate,0.0,0.0,0.0,0,0.0,0.0
liq20,res6_1,resmom252,universe,0.0,0.0,0.0,0,0.0,0.0
liq20,res6_1,resmom1,gate,0.0,0.0,0.0,0,0.0,0.0
liq20,res6_1,resmom1,universe,0.0,0.0,0.0,0,0.0,0.0
liq20,r2_90,mom,gate,0.0,0.0,0.0,0,0.0,0.0
liq20,r2_90,mom,universe,0.0,0.0,0.0,0,0.0,0.0
liq20,r2_90,resmom,gate,0.0,0.0,0.0,0,0.0,0.0
liq20,r2_90,resmom,universe,0.0,0.0,0.0,0,0.0,0.0
liq20,r2_90,resmom252,gate,0.0,0.0,0.0,0,0.0,0.0
liq20,r2_90,resmom252,universe,0.0,0.0,0.0,0,0.0,0.0
liq20,r2_90,resmom1,gate,0.0,0.0,0.0,0,0.0,0.0
liq20,r2_90,resmom1,universe,0.0,0.0,0.0,0,0.0,0.0
liq50,er20,mom,gate,0.0,0.0,0.0,0,0.0,0.0
liq50,er20,mom,universe,0.0,0.0,0.0,0,0.0,0.0
liq50,er20,resmom,gate,0.0,0.0,0.0,0,0.0,0.0
liq50,er20,resmom,universe,0.0,0.0,0.0,0,0.0,0.0
liq50,er20,resmom252,gate,0.0,0.0,0.0,0,0.0,0.0
liq50,er20,resmom252,universe,0.0,0.0,0.0,0,0.0,0.0
liq50,er20,resmom1,gate,0.0,0.0,0.0,0,0.0,0.0
liq50,er20,resmom1,universe,0.0,0.0,0.0,0,0.0,0.0
liq50,er60,mom,gate,0.0,0.0,0.0,0,0.0,0.0
liq50,er60,mom,universe,0.0,0.0,0.0,0,0.0,0.0
liq50,er60,resmom,gate,0.0,0.0,0.0,0,0.0,0.0
liq50,er60,resmom,universe,0.0,0.0,0.0,0,0.0,0.0
liq50,er60,resmom252,gate,0.0,0.0,0.0,0,0.0,0.0
liq50,er60,resmom252,universe,0.0,0.0,0.0,0,0.0,0.0
liq50,er60,resmom1,gate,0.0,0.0,0.0,0,0.0,0.0
liq50,er60,resmom1,universe,0.0,0.0,0.0,0,0.0,0.0
liq50,er90,mom,gate,0.0,0.0,0.0,0,0.0,0.0
liq50,er90,mom,universe,0.0,0.0,0.0,0,0.0,0.0
liq50,er90,resmom,gate,0.0,0.0,0.0,0,0.0,0.0
liq50,er90,resmom,universe,0.0,0.0,0.0,0,0.0,0.0
liq50,er90,resmom252,gate,0.0,0.0,0.0,0,0.0,0.0
liq50,er90,resmom252,universe,0.0,0.0,0.0,0,0.0,0.0
liq50,er90,resmom1,gate,0.0,0.0,0.0,0,0.0,0.0
liq50,er90,resmom1,universe,0.0,0.0,0.0,0,0.0,0.0
liq50,er126,mom,gate,0.0,0.0,0.0,0,0.0,0.0
liq50,er126,mom,universe,0.0,0.0,0.0,0,0.0,0.0
liq50,er126,resmom,gate,0.0,0.0,0.0,0,0.0,0.0
liq50,er126,resmom,universe,0.0,0.0,0.0,0,0.0,0.0
liq50,er126,resmom252,gate,0.0,0.0,0.0,0,0.0,0.0
liq50,er126,resmom252,universe,0.0,0.0,0.0,0,0.0,0.0
liq50,er126,resmom1,gate,0.0,0.0,0.0,0,0.0,0.0
liq50,er126,resmom1,universe,0.0,0.0,0.0,0,0.0,0.0
liq50,er6_1,mom,gate,0.0,0.0,0.0,0,0.0,0.0
liq50,er6_1,mom,universe,0.0,0.0,0.0,0,0.0,0.0
liq50,er6_1,resmom,gate,0.0,0.0,0.0,0,0.0,0.0
liq50,er6_1,resmom,universe,0.0,0.0,0.0,0,0.0,0.0
liq50,er6_1,resmom252,gate,0.0,0.0,0.0,0,0.0,0.0
liq50,er6_1,resmom252,universe,0.0,0.0,0.0,0,0.0,0.0
liq50,er6_1,resmom1,gate,0.0,0.0,0.0,0,0.0,0.0
liq50,er6_1,resmom1,universe,0.0,0.0,0.0,0,0.0,0.0
liq50,res60,mom,gate,0.0,0.0,0.0,0,0.0,0.0
liq50,res60,mom,universe,0.0,0.0,0.0,0,0.0,0.0
liq50,res60,resmom,gate,0.0,0.0,0.0,0,0.0,0.0
liq50,res60,resmom,universe,0.0,0.0,0.0,0,0.0,0.0
liq50,res60,resmom252,gate,0.0,0.0,0.0,0,0.0,0.0
liq50,res60,resmom252,universe,0.0,0.0,0.0,0,0.0,0.0
liq50,res60,resmom1,gate,0.0,0.0,0.0,0,0.0,0.0
liq50,res60,resmom1,universe,0.0,0.0,0.0,0,0.0,0.0
liq50,res6_1,mom,gate,0.0,0.0,0.0,0,0.0,0.0
liq50,res6_1,mom,universe,0.0,0.0,0.0,0,0.0,0.0
liq50,res6_1,resmom,gate,0.0,0.0,0.0,0,0.0,0.0
liq50,res6_1,resmom,universe,0.0,0.0,0.0,0,0.0,0.0
liq50,res6_1,resmom252,gate,0.0,0.0,0.0,0,0.0,0.0
liq50,res6_1,resmom252,universe,0.0,0.0,0.0,0,0.0,0.0
liq50,res6_1,resmom1,gate,0.0,0.0,0.0,0,0.0,0.0
liq50,res6_1,resmom1,universe,0.0,0.0,0.0,0,0.0,0.0
liq50,r2_90,mom,gate,0.0,0.0,0.0,0,0.0,0.0
liq50,r2_90,mom,universe,0.0,0.0,0.0,0,0.0,0.0
liq50,r2_90,resmom,gate,0.0,0.0,0.0,0,0.0,0.0
liq50,r2_90,resmom,universe,0.0,0.0,0.0,0,0.0,0.0
liq50,r2_90,resmom252,gate,0.0,0.0,0.0,0,0.0,0.0
liq50,r2_90,resmom252,universe,0.0,0.0,0.0,0,0.0,0.0
liq50,r2_90,resmom1,gate,0.0,0.0,0.0,0,0.0,0.0
liq50,r2_90,resmom1,universe,0.0,0.0,0.0,0,0.0,0.0
