signal_date,signal_index,member_n,eligible_n,target_n,target_codes
2000-08-09,141,1000,0,0,
2000-12-20,231,1045,0,0,
2001-05-17,321,1101,0,0,
2001-09-20,411,1129,0,0,
2002-02-05,501,1142,0,0,
2002-07-02,591,1159,0,0,
2002-11-13,681,1194,0,0,
2003-03-31,771,1214,0,0,
2003-08-13,861,1236,0,0,
2003-12-24,951,1262,0,0,
2004-05-18,1041,1288,0,0,
2004-09-21,1131,1353,0,0,
2005-02-02,1221,1352,0,0,
2005-06-24,1311,1358,66,7,SH600323;SH600693;SH600332;SH600664;SZ000568;SZ000796;SH600641
2005-11-04,1401,1358,325,10,SZ000852;SH600879;SZ000155;SZ000715;SH600697;SH600406;SH600436;SH600859;SZ000690;SH600089
2006-03-23,1491,1353,211,10,SH600406;SZ000666;SH600028;SZ000001;SZ000705;SH600282;SZ000573;SH600143;SH600158;SZ000856
2006-08-03,1581,1355,6,0,
2006-12-14,1671,1395,222,10,SH600170;SZ000709;SH600519;SH600642;SH600037;SZ002033;SH600628;SZ002035;SH600479;SH600019
2007-05-08,1761,1445,154,10,SH600642;SH600209;SH600871;SH600008;SH600093;SH600199;SH600626;SH600108;SH600727;SZ000889
2007-09-11,1851,1480,109,10,SH601666;SZ000060;SH600016;SZ002022;SH601166;SZ000715;SH600037;SH600019;SH600675;SH600276
2008-01-24,1941,1532,217,10,SH600479;SZ002028;SZ002101;SH600269;SH600563;SH600161;SH600583;SZ000004;SH600810;SH600559
2008-06-11,2031,1575,58,6,SH600176;SH600859;SH600662;SH600170;SH600628;SZ002089
2008-10-23,2121,1603,235,10,SH600377;SZ002038;SH600519;SH600315;SH600529;SH600663;SH600329;SH600787;SH600824;SZ001872
2009-03-09,2211,1603,326,10,SZ000989;SZ000008;SZ000780;SZ002060;SH600573;SH600486;SZ002065;SH600351;SZ002062;SH600561
2009-07-17,2301,1603,8,0,
2009-11-30,2391,1670,306,10,SZ000869;SZ000650;SH600887;SH600216;SH600315;SH600628;SH600582;SH600276;SH600594;SZ000895
2010-04-14,2481,1795,263,10,SH600887;SH600628;SH600993;SH600351;SH600004;SZ000715;SZ000971;SZ002254;SH600650;SH600880
2010-08-24,2571,1916,75,8,SZ002014;SZ000860;SH600562;SZ000417;SZ002266;SZ002058;SH600710;SZ002296
2011-01-10,2661,2050,324,10,SH600960;SH600375;SH600131;SZ002152;SZ000993;SH600820;SZ300091;SH600815;SZ300043;SZ000821
2011-05-26,2751,2174,91,10,SH600036;SZ000157;SH600688;SZ000048;SH600839;SZ000568;SH601618;SZ000613;SH600585;SH600130
2011-10-10,2841,2272,349,10,SZ000858;SH600519;SZ000538;SH600588;SZ002353;SZ002530;SZ002556;SZ002293;SZ300037;SZ000963
2012-02-22,2931,2336,446,10,SH600519;SZ002353;SZ000963;SH601328;SH601006;SH601088;SH601009;SH600007;SH600009;SH601601
2012-07-05,3021,2423,46,5,SH600136;SZ300054;SZ300257;SZ300128;SZ300145
2012-11-15,3111,2470,1052,10,SZ300145;SZ000608;SH600691;SH601186;SZ002250;SH600276;SZ300072;SH600535;SZ002595;SH601880
2013-04-02,3201,2469,1095,10,SZ002250;SZ300072;SZ300145;SH600892;SH600028;SZ002224;SH600795;SH600674;SH600009;SH600256
2013-08-16,3291,2466,1035,10,SZ002224;SH600009;SH600561;SZ002640;SZ300122;SZ000055;SZ002332;SH600865;SH600764;SH600682
2013-12-31,3381,2468,1000,10,SH600009;SZ002425;SH600255;SH601006;SH600290;SZ300202;SZ000685;SH601318;SH600585;SZ000531
2014-05-19,3471,2520,936,10,SZ300202;SH600290;SH600777;SZ000576;SH600382;SZ300063;SZ002387;SH600582;SZ000978;SH600886
2014-09-24,3561,2548,894,10,SZ002387;SH600900;SH600104;SH600064;SH601186;SH600350;SZ002687;SZ000333;SH600131;SH601390
2015-02-06,3651,2617,832,10,SH600350;SH600104;SH600213;SH600009;SZ000789;SH600741;SZ002504;SH601607;SH600000;SH600785
2015-06-24,3741,2760,685,10,SH600009;SH601607;SH600735;SZ002077;SH600715;SH600594;SZ002220;SZ002508;SH600215;SZ000418
2015-11-06,3831,2784,489,10,SH600009;SZ000418;SH600276;SZ002252;SH603288;SH600373;SH600612;SH600539;SZ000002;SZ002563
2016-03-21,3921,2829,925,10,SH600009;SH600276;SZ002252;SZ002533;SZ002032;SZ000518;SH603023;SZ002508;SZ002493;SH600779
2016-07-29,4011,2885,995,10,SZ002508;SZ002032;SZ002252;SZ002572;SH600519;SZ300015;SH600887;SH600377;SZ000089;SZ002595
2016-12-13,4101,3011,1090,10,SH600519;SH600377;SH600004;SZ000830;SZ002083;SZ000513;SH600308;SH600585;SH600837;SH600439
2017-04-28,4191,3209,1174,10,SH600377;SH600004;SH600585;SZ002083;SH600308;SZ000830;SH600276;SH600703;SH601328;SH601288
2017-09-06,4281,3353,1301,10,SH600377;SH600004;SZ002083;SH600308;SH600703;SZ000883;SH601398;SH601857;SH600548;SH600061
2018-01-18,4371,3481,1400,10,SH600377;SZ000883;SH600703;SH601700;SH603699;SH600900;SZ000955;SZ300470;SH600179;SH600771
2018-06-06,4461,3523,1433,10,SH600900;SZ000883;SZ000576;SZ002459;SH600461;SH600203;SH603787;SH601113;SH603288;SZ000975
2018-10-19,4551,3556,1662,10,SH600900;SH603288;SH600461;SH600593;SH601229;SH600548;SZ300651;SZ000429;SH601988;SH600642
2019-03-05,4641,3591,1796,10,SZ000429;SH601988;SZ300651;SH600461;SH600750;SZ002731;SH600674;SH600897;SH603222;SH603303
2019-07-16,4731,3635,1797,10,SH601988;SH600461;SZ300651;SZ000429;SH601318;SH600887;SH600519;SZ002780;SH603333;SZ002142
2019-11-27,4821,3735,1894,10,SH600519;SZ002142;SH601988;SH603012;SZ002324;SH600926;SH601998;SH600449;SH600593;SH603358
2020-04-13,4911,3816,1943,10,SH600519;SH600593;SH600926;SH603326;SZ000895;SH600421;SH603393;SH603568;SZ002083;SZ000513
2020-08-24,5001,3967,1912,10,SH600519;SH600926;SZ000895;SH603288;SZ002293;SZ300530;SZ000333;SZ300257;SZ002539;SH600629
2021-01-06,5091,4143,2034,10,SZ000333;SH600926;SZ002539;SZ002789;SZ000885;SZ002333;SH600025;SH601100;SH600031;SH600012
2021-05-25,5181,4317,2082,10,SH600012;SH600926;SH601328;SH600269;SH600479;SH601006;SZ000429;SH600068;SH600548;SZ002073
2021-10-08,5271,4494,2236,10,SH600269;SZ002073;SH600479;SH600018;SH600538;SH605178;SH603323;SZ002448;SH600609;SZ002590
2022-02-21,5361,4724,2374,10,SH603323;SH600269;SH601000;SH601900;SZ002391;SH601111;SH600153;SH600838;SH600376;SZ000726
2022-07-05,5451,4818,2423,10,SZ000726;SH601000;SH600269;SH601111;SZ002391;SH601900;SH600153;SH600350;SH600177;SH600901
2022-11-16,5541,4992,2508,10,SZ002391;SH601000;SZ000726;SH600153;SZ002966;SZ000410;SH605077;SZ002052;SZ002485;SH600052
2023-03-30,5631,5130,2650,10,SZ002391;SH688009;SZ002032;SZ002367;SZ002381;SZ000725;SZ000932;SZ003041;SH600012;SH600039
2023-08-11,5721,5248,2687,10,SH688009;SZ000932;SZ000725;SH600039;SH600016;SZ002267;SZ000157;SH600007;SZ002595;SH601328
2023-12-25,5811,5331,2803,10,SH601328;SH600007;SH600016;SZ002267;SZ000157;SZ000932;SZ300230;SH600901;SH600810;SZ002318
2024-05-15,5901,5360,2831,10,SH600016;SH600810;SH601169;SH600015;SH601229;SZ000429;SH600582;SH601009;SH600098;SH601288
2024-09-23,5991,5346,2735,10,SH601009;SZ000429;SH601229;SH600015;SH601169;SH600016;SH600810;SH601816;SH600900;SH601326
2025-02-12,6081,5393,2858,10,SH600016;SH601169;SH601009;SH600900;SH600919;SZ002748;SZ002595;SZ000729;SZ001238;SH601825
2025-06-25,6171,5420,2784,10,SH600919;SH600900;SH601169;SZ002595;SH601009;SH600016;SH601166;SZ002014;SH601288;SH601939
2025-11-06,6261,5446,2724,10,SH601288;SZ002197;SZ002388;SZ300899;SH603869;SH688681;SH605222;SZ301035;SZ000408;SH603816
2026-03-24,6351,5490,2757,10,SH603816;SH688681;SZ000408;SZ300899;SH605222;SZ001218;SZ000423;SH601018;SH600901;SH603568
